시도명,의석수,선거구,관할구역,변동,인구수
서울특별시,49,종로구,종로구 전 지역,NA,151296
서울특별시,49,중구·성동구 갑,"성동구 마장동, 사근동, 응봉동, 송정동, 용답동, 행당1동, 행당2동, 성수1가1동, 성수1가2동, 성수2가1동, 성수2가3동, 왕십리도선동, 왕십리2동",NA,217842
서울특별시,49,중구·성동구 을,"성동구 금호1가동, 금호2·3가동, 금호4가동, 옥수동 + 중구 전 지역",NA,207715
서울특별시,49,용산구,용산구 전 지역,NA,229623
서울특별시,49,광진구 갑,"광진구 중곡1동, 중곡2동, 중곡3동, 중곡4동, 구의2동, 군자동, 광장동, 능동",NA,179793
서울특별시,49,광진구 을,"광진구 자양1동, 자양2동, 자양3동, 자양4동, 구의1동, 구의3동, 화양동",NA,170817
서울특별시,49,동대문구 갑,"동대문구 휘경1동, 휘경2동, 이문1동, 이문2동, 청량리동, 용신동, 제기동, 회기동",NA,165160
서울특별시,49,동대문구 을,"동대문구 전농1동, 전농2동, 장안1동, 장안2동, 답십리1동, 답십리2동",NA,181003
서울특별시,49,중랑구 갑,"중랑구 상봉2동, 망우3동, 면목본동, 면목2동, 면목4동, 면목5동, 면목3·8동, 면목7동",NA,175556
서울특별시,49,중랑구 을,"중랑구 상봉1동, 망우본동, 중화1동, 중화2동, 신내1동, 신내2동, 묵1동, 묵2동",NA,220352
서울특별시,49,성북구 갑,"성북구 길음1동, 돈암2동, 안암동, 보문동, 정릉1동, 정릉2동, 정릉3동, 정릉4동, 성북동, 삼선동, 동선동",NA,234555
서울특별시,49,성북구 을,"성북구 돈암1동, 길음2동, 종암동, 석관동, 장위1동, 장위2동, 장위3동, 월곡1동, 월곡2동",NA,208048
서울특별시,49,강북구 갑,"강북구 번1동, 번2동, 우이동, 인수동, 수유1동, 수유2동, 수유3동",NA,156283
서울특별시,49,강북구 을,"강북구 번3동, 삼양동, 미아동, 송중동, 송천동, 삼각산동",NA,156685
서울특별시,49,도봉구 갑,"도봉구 쌍문1동, 쌍문3동, 창1동, 창2동, 창3동, 창4동, 창5동",NA,162896
서울특별시,49,도봉구 을,"도봉구 쌍문2동, 쌍문4동, 방학1동, 방학2동, 방학3동, 도봉1동, 도봉2동",NA,168619
서울특별시,49,노원구 갑,"노원구 월계1동, 월계2동, 월계3동, 공릉1동, 공릉2동",NA,160158
서울특별시,49,노원구 을,"노원구 하계1동, 하계2동, 상계6·7동, 중계본동, 중계1동, 중계2·3동, 중계4동",NA,196550
서울특별시,49,노원구 병,"노원구 상계1동, 상계2동, 상계3·4동, 상계5동, 상계8동, 상계9동, 상계10동",NA,174623
서울특별시,49,은평구 갑,"은평구 녹번동, 역촌동, 증산동, 신사1동, 신사2동, 응암1동, 응암2동, 응암3동, 수색동",NA,236540
서울특별시,49,은평구 을,"은평구 구산동, 대조동, 진관동, 갈현1동, 갈현2동, 불광1동, 불광2동",NA,241845
서울특별시,49,서대문구 갑,"서대문구 홍제1동, 홍제2동, 북아현동, 천연동, 충현동, 신촌동, 연희동",NA,148667
서울특별시,49,서대문구 을,"서대문구 홍은1동, 홍은2동, 홍제3동, 남가좌1동, 남가좌2동, 북가좌1동, 북가좌2동",NA,163753
서울특별시,49,마포구 갑,"마포구 아현동, 공덕동, 도화동, 용강동, 대흥동, 염리동, 신수동",NA,157500
서울특별시,49,마포구 을,"마포구 서강동, 서교동, 합정동, 연남동, 상암동, 망원1동, 망원2동, 성산1동, 성산2동",NA,217048
서울특별시,49,양천구 갑,"양천구 신정1동, 신정2동, 신정6동, 신정7동, 목1동, 목2동, 목3동, 목4동, 목5동",NA,252921
서울특별시,49,양천구 을,"양천구 신정3동, 신정4동, 신월1동, 신월2동, 신월3동, 신월4동, 신월5동, 신월6동, 신월7동",NA,203671
서울특별시,49,강서구 갑,"강서구 발산1동, 우장산동, 화곡1동, 화곡2동, 화곡3동, 화곡8동",NA,203177
서울특별시,49,강서구 을,"강서구 가양1동, 가양2동, 등촌3동, 공항동, 방화1동, 방화2동, 방화3동",NA,201044
서울특별시,49,강서구 병,"강서구 등촌1동, 등촌2동, 가양3동, 염창동, 화곡4동, 화곡6동, 화곡본동",NA,185333
서울특별시,49,구로구 갑,"구로구 개봉1동, 개봉2동, 개봉3동, 고척1동, 고척2동, 오류1동, 오류2동, 수궁동, 항동",NA,238812
서울특별시,49,구로구 을,"구로구 구로1동, 구로2동, 구로3동, 구로4동, 구로5동, 신도림동, 가리봉동",NA,167152
서울특별시,49,금천구,금천구 전 지역,NA,232751
서울특별시,49,영등포구 갑,"영등포구 신길3동, 당산1동, 당산2동, 양평1동, 양평2동, 영등포동, 영등포본동, 도림동, 문래동",NA,213665
서울특별시,49,영등포구 을,"영등포구 신길1동, 신길4동, 신길5동, 신길6동, 신길7동, 대림1동, 대림2동, 대림3동, 여의동",NA,158029
서울특별시,49,동작구 갑,"동작구 대방동, 상도2동, 상도3동, 상도4동, 노량진1동, 노량진2동, 신대방1동, 신대방2동",NA,212103
서울특별시,49,동작구 을,"동작구 흑석동, 상도1동, 사당1동, 사당2동, 사당3동, 사당4동, 사당5동",NA,183047
서울특별시,49,관악구 갑,"관악구 청림동, 성현동, 행운동, 청룡동, 은천동, 중앙동, 인헌동, 남현동, 신림동, 보라매동, 낙성대동",NA,268997
서울특별시,49,관악구 을,"관악구 서원동, 신원동, 서림동, 신사동, 난향동, 조원동, 대학동, 삼성동, 미성동, 난곡동",NA,230456
서울특별시,49,서초구 갑,"서초구 잠원동, 방배1동, 방배4동, 방배본동, 반포1동, 반포2동, 반포3동, 반포4동, 반포본동",NA,198810
서울특별시,49,서초구 을,"서초구 내곡동, 방배2동, 방배3동, 서초1동, 서초2동, 서초3동, 서초4동, 양재1동, 양재2동",NA,232128
서울특별시,49,강남구 갑,"강남구 논현1동, 논현2동, 압구정동, 신사동, 역삼1동, 역삼2동, 청담동",NA,192324
서울특별시,49,강남구 을,"강남구 일원1동, 일원2동, 일원본동, 수서동, 개포1동, 개포2동, 개포4동, 세곡동",NA,166628
서울특별시,49,강남구 병,"강남구 삼성1동, 삼성2동, 도곡1동, 도곡2동, 대치1동, 대치2동, 대치4동",NA,186403
서울특별시,49,송파구 갑,"송파구 오륜동, 송파1동, 송파2동, 잠실4동, 잠실6동, 풍납1동, 풍납2동, 방이1동, 방이2동",NA,186538
서울특별시,49,송파구 을,"송파구 석촌동, 문정2동, 가락1동, 잠실본동, 잠실2동, 잠실3동, 잠실7동, 삼전동",NA,234842
서울특별시,49,송파구 병,"송파구 오금동, 문정1동, 가락2동, 가락본동, 거여1동, 거여2동, 마천1동, 마천2동, 장지동, 위례동",NA,253364
서울특별시,49,강동구 갑,"강동구 암사1동, 암사2동, 암사3동, 명일1동, 명일2동, 고덕1동, 고덕2동, 강일동, 상일동, 길동",NA,265882
서울특별시,49,강동구 을,"강동구 천호1동, 천호2동, 천호3동, 성내1동, 성내2동, 성내3동, 둔촌1동, 둔촌2동",NA,185982
부산광역시,18,중구·영도구,"중구 전 지역, 영도구 전 지역",,157754
부산광역시,18,서구·동구,"서구 전 지역, 동구 전 지역",,196840
부산광역시,18,부산진구 갑,"부산진구 부전1동, 당감1동, 당감2동, 당감4동, 양정1동, 양정2동, 부암1동, 부암3동, 연지동, 초읍동",,178677
부산광역시,18,부산진구 을,"부산진구 부전2동, 개금1동, 개금2동, 개금3동, 가야1동, 가야2동, 범천1동, 범천2동, 전포1동, 전포2동",,177901
부산광역시,18,동래구,동래구 전 지역,,272261
부산광역시,18,남구 갑,"남구 문현1동, 문현2동, 문현3동, 문현4동, 대연4동, 대연5동, 대연6동, 감만1동, 감만2동, 용당동, 우암동",경계조정,137714
부산광역시,18,남구 을,"남구 용호1동, 용호2동, 용호3동, 용호4동, 대연1동, 대연3동",경계조정,134815
부산광역시,18,북구·강서구 갑,"북구 구포1동, 구포2동, 구포3동, 덕천1동, 덕천2동, 덕천3동, 만덕1동, 만덕2동, 만덕3동",,159656
부산광역시,18,북구·강서구 을,"북구 금곡동, 화명1동, 화명2동, 화명3동 + 강서구 전 지역",,261083
부산광역시,18,해운대구 갑,"해운대구 좌1동, 좌2동, 좌3동, 좌4동, 중1동, 중2동, 우1동, 우2동, 우3동, 송정동",,225541
부산광역시,18,해운대구 을,"해운대구 반여1동, 반여2동, 반여3동, 반여4동, 반송1동, 반송2동, 재송1동, 재송2동",,179881
부산광역시,18,사하구 갑,"사하구 당리동, 하단1동, 하단2동, 괴정1동, 괴정2동, 괴정3동, 괴정4동",,136527
부산광역시,18,사하구 을,"사하구 구평동, 장림1동, 장림2동, 신평1동, 신평2동, 다대1동, 다대2동, 감천1동, 감천2동",,182499
부산광역시,18,금정구,금정구 전 지역,,237779
부산광역시,18,연제구,연제구 전 지역,,210408
부산광역시,18,수영구,수영구 전 지역,,176959
부산광역시,18,사상구,사상구 전 지역,,216913
부산광역시,18,기장군,기장군 전 지역,,166991
대구광역시,12,중구·남구,"중구 전 지역, 남구 전 지역",NA,224999
대구광역시,12,동구 갑,"동구 신천1·2동, 신천3동, 신천4동, 지저동, 동촌동, 신암1동, 신암2동, 신암3동, 신암4동, 신암5동, 효목1동, 효목2동",NA,138944
대구광역시,12,동구 을,"동구 안심1동, 안심2동, 안심3·4동, 도평동, 방촌동, 해안동, 공산동, 불로·봉무동",NA,204881
대구광역시,12,서구,서구 전 지역,NA,174001
대구광역시,12,북구 갑,"북구 복현1동, 복현2동, 고성동, 칠성동, 대현동, 검단동, 노원동, 산격1동, 산격2동, 산격3동, 산격4동, 침산1동, 침산2동, 침산3동",NA,185477
대구광역시,12,북구 을,"북구 태전1동, 태전2동, 관문동, 구암동, 관음동, 읍내동, 동천동, 국우동, 무태·조야동",NA,251105
대구광역시,12,수성구 갑,"수성구 범어1동, 범어2동, 범어3동, 범어4동, 만촌1동, 만촌2동, 만촌3동, 고산1동, 고산2동, 고산3동, 황금1동, 황금2동",NA,255126
대구광역시,12,수성구 을,"수성구 지산1동, 지산2동, 범물1동, 범물2동, 수성1가동, 수성2·3가동, 수성4가동, 두산동, 중동, 상동, 파동",NA,173658
대구광역시,12,달서구 갑,"달서구 용산1동, 용산2동, 죽전동, 장기동, 이곡1동, 이곡2동, 신당동",NA,167425
대구광역시,12,달서구 을,"달서구 월성1동, 월성2동, 진천동, 도원동, 상인1동, 상인2동, 상인3동",NA,248634
대구광역시,12,달서구 병,"달서구 송현1동, 송현2동, 성당동, 본리동, 두류1·2동, 두류3동, 감삼동, 본동",NA,151882
대구광역시,12,달성군,달성군 전 지역,NA,256695
인천광역시,13,중구·강화군·옹진군,"중구 전 지역, 강화군 전 지역, 옹진군 전 지역","구역조정, 명칭변경",227006
인천광역시,13,동구·미추홀구 갑,"미추홀구 주안1동, 주안2동, 주안3동, 주안4동, 주안5동, 주안6동, 주안7동, 주안8동, 도화1동, 도화2·3동 + 동구 전 지역","구역조정, 명칭변경",253650
인천광역시,13,동구·미추홀구 을,"미추홀구 용현1·4동, 용현2동, 용현3동, 용현5동, 숭의1·3동, 숭의2동, 숭의4동, 학익1동, 학익2동, 관교동, 문학동","구역조정, 명칭변경",217475
인천광역시,13,연수구 갑,"연수구 옥련2동, 동춘3동, 선학동, 연수1동, 연수2동, 연수3동, 청학동",,144384
인천광역시,13,연수구 을,"연수구 옥련1동, 동춘1동, 동춘2동, 송도1동, 송도2동, 송도3동, 송도4동",,226413
인천광역시,13,남동구 갑,"남동구 간석1동, 간석4동, 구월1동, 구월3동, 구월4동, 논현1동, 논현2동, 논현고잔동, 남촌도림동",,259914
인천광역시,13,남동구 을,"남동구 간석2동, 간석3동, 구월2동, 만수1동, 만수2동, 만수3동, 만수4동, 만수5동, 만수6동, 장수서창동, 서창2동",,272249
인천광역시,13,부평구 갑,"부평구 산곡3동, 산곡4동, 부평1동, 부평2동, 부평3동, 부평4동, 부평5동, 부평6동, 부개1동, 십정1동, 십정2동, 일신동",,265623
인천광역시,13,부평구 을,"부평구 산곡1동, 산곡2동, 갈산1동, 갈산2동, 삼산1동, 삼산2동, 청천1동, 청천2동, 부개2동, 부개3동",,241727
인천광역시,13,계양구 갑,"계양구 효성1동, 효성2동, 작전1동, 작전2동, 작전서운동",,136902
인천광역시,13,계양구 을,"계양구 계산1동, 계산2동, 계산3동, 계산4동, 계양1동, 계양2동, 계양3동",,164709
인천광역시,13,서구 갑,"서구 신현원창동, 청라1동, 청라2동, 가좌1동, 가좌2동, 가좌3동, 가좌4동, 가정1동, 가정2동, 가정3동, 석남1동, 석남2동, 석남3동",경계조정,270999
인천광역시,13,서구 을,"서구 검암경서동, 청라3동, 연희동, 검단동, 원당동, 당하동, 마전동, 불로대곡동, 오류왕길동",경계조정,273244
광주광역시,8,동구·남구 갑,"남구 진월동, 노대동, 덕남동, 송암동, 대촌동, 월산동, 월산4동, 월산5동, 봉선1동, 봉선2동, 주월1동, 주월2동",NA,169115
광주광역시,8,동구·남구 을,"남구 양림동, 사직동, 방림1동, 방림2동, 백운1동, 백운2동 + 동구 전 지역",NA,147424
광주광역시,8,서구 갑,"서구 상무1동, 화정1동, 화정2동, 농성1동, 농성2동, 광천동, 유덕동, 치평동, 동천동, 양동, 양3동",NA,155299
광주광역시,8,서구 을,"서구 상무2동, 화정3동, 화정4동, 금호1동, 금호2동, 서창동, 풍암동",NA,145176
광주광역시,8,북구 갑,"북구 중흥1동, 중흥2동, 중흥3동, 중앙동, 신안동, 우산동, 풍향동, 문화동, 석곡동, 임동, 두암1동, 두암2동, 두암3동, 문흥1동, 문흥2동, 오치1동, 오치2동",NA,176509
광주광역시,8,북구 을,"북구 운암1동, 운암2동, 운암3동, 용봉동, 동림동, 삼각동, 일곡동, 매곡동, 건국동, 양산동",NA,256516
광주광역시,8,광산구 갑,"광산구 송정1동, 송정2동, 도산동, 신흥동, 어룡동, 우산동, 운남동, 동곡동, 월곡1동, 월곡2동, 삼도동, 본량동, 평동",NA,167593
광주광역시,8,광산구 을,"광산구 첨단1동, 첨단2동, 비아동, 신가동, 신창동, 수완동, 하남동, 임곡동",NA,238229
대전광역시,7,동구,동구 전 지역,NA,225442
대전광역시,7,중구,중구 전 지역,NA,239728
대전광역시,7,서구 갑,"서구 복수동, 도마1동, 도마2동, 정림동, 변동, 괴정동, 가장동, 내동, 가수원동, 관저1동, 관저2동, 기성동",NA,258130
대전광역시,7,서구 을,"서구 용문동, 탄방동, 둔산1동, 둔산2동, 둔산3동, 갈마1동, 갈마2동, 월평1동, 월평2동, 월평3동, 만년동",NA,223114
대전광역시,7,유성구 갑,"유성구 진잠동, 온천1동, 온천2동, 노은1동, 원신흥동",NA,178406
대전광역시,7,유성구 을,"유성구 노은2동, 노은3동, 신성동, 전민동, 구즉동, 관평동",NA,171573
대전광역시,7,대덕구,대덕구 전 지역,NA,175894
울산광역시,6,중구,중구 전 지역,NA,221894
울산광역시,6,남구 갑,"남구 신정1동, 신정2동, 신정3동, 신정4동, 신정5동, 삼호동, 무거동, 옥동",NA,173616
울산광역시,6,남구 을,"남구 달동, 삼산동, 야음장생포동, 대현동, 수암동, 선암동",NA,149821
울산광역시,6,동구,동구 전 지역,NA,158556
울산광역시,6,북구,북구 전 지역,NA,218299
울산광역시,6,울주군,울주군 전 지역,NA,222453
세종특별자치시,2,세종특별자치시 갑,"부강면, 금남면, 장군면, 한솔동, 새롬동, 도담동, 소담동, 보람동, 대평동",분구,188393
세종특별자치시,2,세종특별자치시 을,"조치원읍, 연기면, 연동면, 연서면, 전의면, 전동면, 소정면, 아름동, 종촌동, 고운동",분구,156353
경기도,59,수원시 갑,"수원시 장안구 파장동, 송죽동, 영화동, 연무동, 정자1동, 정자2동, 정자3동, 조원1동, 조원2동",,233433
경기도,59,수원시 을,"수원시 장안구 율천동 + 권선구 평동, 서둔동, 구운동, 금곡동, 입북동, 호매실동",,257131
경기도,59,수원시 병,수원시 팔달구 전 지역,,175641
경기도,59,수원시 정,"수원시 영통구 영통1동, 매탄1동, 매탄2동, 매탄3동, 매탄4동, 광교1동, 광교2동, 원천동",,249329
경기도,59,수원시 무,"수원시 영통구 영통2동, 영통3동, 망포1동, 망포2동 + 권선구 세류1동, 세류2동, 세류3동, 권선1동, 권선2동, 곡선동",,277082
경기도,59,성남시 수정구,성남시 수정구 전 지역,,234352
경기도,59,성남시 중원구,성남시 중원구 전 지역,,219400
경기도,59,성남시 분당구 갑,"성남시 분당구 야탑1동, 야탑2동, 야탑3동, 판교동, 삼평동, 백현동, 운중동, 서현1동, 서현2동, 이매1동, 이매2동",,255117
경기도,59,성남시 분당구 을,"성남시 분당구 정자1동, 정자2동, 정자3동, 정자동, 분당동, 금곡동, 구미동, 구미1동, 수내1동, 수내2동, 수내3동",,232609
경기도,59,의정부시 갑,"의정부시 호원1동, 호원2동, 가능1동, 가능2동, 가능3동, 녹양동, 의정부1동, 의정부2동",,203486
경기도,59,의정부시 을,"의정부시 신곡1동, 신곡2동, 송산1동, 송산2동, 송산3동, 장암동, 자금동",,249841
경기도,59,안양시 만안구,안양시 만안구 전 지역,,241861
경기도,59,안양시 동안구 갑,"안양시 동안구 비산1동, 비산2동, 비산3동, 부흥동, 달안동, 부림동, 관양1동, 관양2동",,170040
경기도,59,안양시 동안구 을,"안양시 동안구 호계1동, 호계2동, 호계3동, 평촌동, 평안동, 귀인동, 범계동, 신촌동, 갈산동",,150020
경기도,59,부천시 갑,"부천시 심곡동, 부천동",명칭변경,156499
경기도,59,부천시 을,"부천시 중동, 신중동, 상동",명칭변경,261541
경기도,59,부천시 병,"부천시 대산동, 소사본동, 범안동",명칭변경,236964
경기도,59,부천시 정,"부천시 성곡동, 오정동",명칭변경,171941
경기도,59,광명시 갑,"광명시 광명1동, 광명2동, 광명3동, 광명4동, 광명5동, 광명6동, 광명7동, 철산1동, 철산2동, 철산3동, 철산4동",경계조정,156362
경기도,59,광명시 을,"광명시 하안1동, 하안2동, 하안3동, 하안4동, 소하1동, 소하2동, 학온동",경계조정,159624
경기도,59,평택시 갑,"평택시 비전1동, 중앙동, 서정동, 송탄동, 지산동, 송북동, 통복동, 세교동, 신장1동, 신장2동, 진위면, 서탄면",경계조정,256788
경기도,59,평택시 을,"평택시 비전2동, 용이동, 신평동, 원평동, 팽성읍, 안중읍, 포승읍, 청북읍, 고덕면, 오성면, 현덕면",경계조정,261493
경기도,59,동두천시·연천군,"동두천시 전 지역, 연천군 전 지역",,137850
경기도,59,안산시 상록구 갑,"안산시 상록구 사동, 사이동, 해양동, 반월동, 본오1동, 본오2동, 본오3동",,197077
경기도,59,안산시 상록구 을,"안산시 상록구 일동, 이동, 부곡동, 월피동, 성포동, 안산동",,149636
경기도,59,안산시 단원구 갑,"안산시 단원구 와동, 원곡동, 백운동, 신길동, 선부1동, 선부2동, 선부3동",,155880
경기도,59,안산시 단원구 을,"안산시 단원구 고잔동, 중앙동, 호수동, 초지동, 대부동",,149664
경기도,59,고양시 갑,"고양시 덕양구 주교동, 원신동, 흥도동, 고양동, 관산동, 성사1동, 성사2동, 화정1동, 화정2동",경계조정,257422
경기도,59,고양시 을,"고양시 덕양구 효자동, 삼송동, 창릉동, 능곡동, 행주동, 행신1동, 행신2동, 행신3동, 화전동, 대덕동 + 일산동구 백석1동, 백석2동",경계조정,265136
경기도,59,고양시 병,"고양시 일산서구 일산2동 + 일산동구 중산동, 풍산동, 고봉동, 식사동, 정발산동, 마두1동, 마두2동, 장항1동, 장항2동",경계조정,265506
경기도,59,고양시 정,"고양시 일산서구 일산1동, 일산3동, 주엽1동, 주엽2동, 탄현동, 대화동, 송포동, 송산동",,283749
경기도,59,의왕시·과천시,"의왕시 전 지역, 과천시 전 지역",,222678
경기도,59,구리시,구리시 전 지역,,198989
경기도,59,남양주시 갑,"남양주시 평내동, 호평동, 화도읍, 수동면",,208979
경기도,59,남양주시 을,"남양주시 별내동, 진접읍, 오남읍, 별내면",,238586
경기도,59,남양주시 병,"남양주시 금곡동, 양정동, 다산1동, 다산2동, 와부읍, 진건읍, 퇴계원읍, 조안면",,257324
경기도,59,오산시,오산시 전 지역,,226999
경기도,59,시흥시 갑,"시흥시 대야동, 신천동, 신현동, 은행동, 매화동, 목감동, 과림동, 연성동, 장곡동, 능곡동",,249063
경기도,59,시흥시 을,"시흥시 배곧동, 군자동, 월곶동, 정왕본동, 정왕1동, 정왕2동, 정왕3동, 정왕4동",,227815
경기도,59,군포시,군포시 전 지역,통합,275756
경기도,59,하남시,하남시 전 지역,,276522
경기도,59,용인시 갑,용인시 처인구 전 지역,,254059
경기도,59,용인시 을,"용인시 기흥구 영덕1동, 영덕2동, 동백3동, 신갈동, 구갈동, 상갈동, 보라동, 기흥동, 서농동, 상하동",경계조정,269768
경기도,59,용인시 병,"용인시 수지구 풍덕천1동, 풍덕천2동, 죽전2동, 성복동, 동천동, 신봉동, 상현1동",경계조정,280697
경기도,59,용인시 정,"용인시 수지구 죽전1동, 상현2동 + 기흥구 구성동, 마북동, 동백1동, 동백2동, 보정동",경계조정,260109
경기도,59,파주시 갑,"파주시 운정1동, 운정2동, 운정3동, 교하동, 조리읍, 광탄면, 탄현면",,275889
경기도,59,파주시 을,"파주시 금촌1동, 금촌2동, 금촌3동. 문산읍, 법원읍, 파주읍, 월롱면, 적성면, 파평면, 군내면, 진동면",,178244
경기도,59,이천시,이천시 전 지역,,215897
경기도,59,안성시,안성시 전 지역,,183587
경기도,59,김포시 갑,"김포시 김포본동, 사우동, 장기동, 풍무동, 고촌읍",,206608
경기도,59,김포시 을,"김포시 장기본동, 구래동, 마산동, 운양동, 통진읍, 양촌읍, 대곶면, 월곶면, 하성면",,235296
경기도,59,화성시 갑,"화성시 새솔동, 우정읍, 향남읍, 남양읍, 매송면, 비봉면, 마도면, 송산면, 서신면, 팔탄면, 장안면, 양감면, 정남면, 봉담읍 (분천리, 왕림리, 세곡리, 당하리, 마하리, 유리, 덕리, 덕우리, 하가등리, 상기리)",경계조정,239206
경기도,59,화성시 을,"화성시 동탄1동, 동탄2동, 동탄4동, 동탄5동, 동탄6동, 동탄7동, 동탄8동",경계조정,306909
경기도,59,화성시 병,"화성시 병점1동, 병점2동, 동탄3동, 진안동, 반월동, 기배동, 화산동, 봉담읍 (상리, 내리, 수영리, 동화리, 와우리, 수기리)",경계조정,279140
경기도,59,광주시 갑,"광주시 경안동, 송정동, 광남동, 퇴촌면, 남종면, 남한산성면",,189527
경기도,59,광주시 을,"광주시 오포읍, 초월읍, 곤지암읍, 도척면",,184965
경기도,59,양주시,양주시 전 지역,,223138
경기도,59,포천시·가평군,"포천시 전 지역, 가평군 전 지역",,209901
경기도,59,여주시·양평군,"여주시 전 지역, 양평군 전 지역",,227901
강원도,8,춘천시·철원군·화천군·양구군 갑,"춘천시 후평1동, 후평2동, 후평3동, 효자1동, 효자2동, 효자3동, 약사명동, 조운동, 근화동, 소양동, 석사동, 퇴계동, 강남동, 동산면, 신동면, 동내면, 남산면, 남면",구역조정,226285
강원도,8,춘천시·철원군·화천군·양구군 을,"춘천시 신사우동, 신북읍, 사북면, 북산면, 동면, 서면 + 철원군 전 지역, 화천군 전 지역, 양구군 전 지역",구역조정,147742
강원도,8,원주시 갑,"원주시 태장1동, 태장2동, 중앙동, 원인동, 일산동, 학성동, 단계동, 우산동, 무실동, 문막읍, 호저면, 지정면, 부론면, 귀래면",,181775
강원도,8,원주시 을,"원주시 명륜1동, 명륜2동, 개운동, 단구동, 봉산동, 행구동, 반곡관설동, 소초면, 흥업면, 판부면, 신림면",,169395
강원도,8,강릉시,강릉시 전 지역,,213198
강원도,8,동해시·태백시·삼척시·정선군,"동해시 전 지역, 태백시 전 지역, 삼척시 전 지역, 정선군 전 지역",구역조정,236981
강원도,8,속초시·인제군·고성군·양양군,"속초시 전 지역, 인제군 전 지역, 고성군 전 지역, 양양군 전 지역",구역조정,168003
강원도,8,홍천군·횡성군·영월군·평창군,"홍천군 전 지역, 횡성군 전 지역, 영월군 전 지역, 평창군 전 지역",구역조정,195846
충청북도,8,청주시 상당구,청주시 상당구 전 지역,NA,181221
충청북도,8,청주시 서원구,청주시 서원구 전 지역,NA,200969
충청북도,8,청주시 흥덕구,청주시 흥덕구 전 지역,NA,263729
충청북도,8,청주시 청원구,청주시 청원구 전 지역,NA,194904
충청북도,8,충주시,충주시 전 지역,NA,210564
충청북도,8,제천시·단양군,"제천시 전 지역, 단양군 전 지역",NA,163583
충청북도,8,보은군·옥천군·영동군·괴산군,"보은군 전 지역, 옥천군 전 지역, 영동군 전 지역, 괴산군 전 지역",NA,169896
충청북도,8,증평군·진천군·음성군,"증평군 전 지역, 진천군 전 지역, 음성군 전 지역",NA,213552
충청남도,11,천안시 갑,"천안시 서북구 성정1동, 성정2동 + 동남구 원성1동, 원성2동, 중앙동, 문성동, 봉명동, 일봉동, 신안동, 목천읍, 성남면, 수신면, 병천면, 북면, 동면",NA,191876
충청남도,11,천안시 을,"천안시 서북구 부성1동, 부성2동, 불당동, 백석동, 성환읍, 성거읍, 직산읍, 입장면",NA,280172
충청남도,11,천안시 병,"천안시 서북구 쌍용1동, 쌍용2동, 쌍용3동  + 동남구 신방동, 청룡동, 풍세면, 광덕면",NA,182373
충청남도,11,공주시·부여군·청양군,"공주시 전 지역, 부여군 전 지역, 청양군 전 지역",NA,203696
충청남도,11,보령시·서천군,"보령시 전 지역, 서천군 전 지역",NA,153396
충청남도,11,아산시 갑,"아산시 온양1동, 온양2동, 온양3동, 온양4동, 온양5동, 온양6동, 선장면, 도고면, 신창면",NA,155082
충청남도,11,아산시 을,"아산시 염치읍, 배방읍, 송악면, 탕정면, 음봉면, 둔포면, 영인면, 인주면",NA,158690
충청남도,11,서산시·태안군,"서산시 전 지역, 태안군 전 지역",NA,237024
충청남도,11,논산시·계룡시·금산군,"논산시 전 지역, 계룡시 전 지역, 금산군 전 지역",NA,212894
충청남도,11,당진시,당진시 전 지역,NA,166381
충청남도,11,홍성군·예산군,"홍성군 전 지역, 예산군 전 지역",NA,179079
전라북도,10,전주시 갑,"전주시 덕진구 인후3동 + 완산구 중앙동, 풍남동, 노송동, 완산동, 동서학동, 서서학동, 평화1동, 평화2동, 중화산1동, 중화산2동",,171863
전라북도,10,전주시 을,"전주시 완산구 효자1동, 효자2동, 효자3동, 효자4동, 효자5동, 삼천1동, 삼천2동, 삼천3동, 서신동",[14],199526
전라북도,10,전주시 병,"전주시 덕진구 우아1동, 우아2동, 인후1동, 인후2동, 송천1동, 송천2동, 금암1동, 금암2동, 진북동, 덕진동, 팔복동, 호성동, 조촌동, 여의동, 혁신동",,284058
전라북도,10,군산시,군산시 전 지역,,268750
전라북도,10,익산시 갑,"익산시 중앙동, 평화동, 남중동, 모현동, 송학동, 인화동, 마동, 신동, 함열읍, 오산면, 망성면, 황등면, 함라면, 웅포면, 성당면, 용안면, 용동면",경계조정,136377
전라북도,10,익산시 을,"익산시 동산동, 어양동, 팔봉동, 삼성동, 영등1동, 영등2동, 낭산면, 여산면, 금마면, 왕궁면, 춘포면, 삼기면",경계조정,149351
전라북도,10,정읍시·고창군,"정읍시 전 지역, 고창군 전 지역",,165272
전라북도,10,남원시·임실군·순창군,"남원시 전 지역, 임실군 전 지역, 순창군 전 지역",,137679
전라북도,10,김제시·부안군,"김제시 전 지역, 부안군 전 지역",,136493
전라북도,10,완주군·진안군·무주군·장수군,"완주군 전 지역, 진안군 전 지역, 무주군 전 지역, 장수군 전 지역",,164355
전라남도,10,목포시,목포시 전 지역,,229018
전라남도,10,여수시 갑,"여수시 동문동, 한려동, 중앙동, 충무동, 광림동, 서강동, 대교동, 월호동, 여서동, 문수동, 미평동, 만덕동, 삼일동, 묘도동, 국동, 돌산읍, 삼산면, 남면",경계조정,135697
전라남도,10,여수시 을,"여수시 둔덕동, 쌍봉동, 시전동, 여천동, 주삼동, 소라면, 율촌면, 화양면, 화정면",경계조정,146189
전라남도,10,순천시·광양시·곡성군·구례군 갑,"순천시 왕조1동, 왕조2동, 매곡동, 삼산동, 조곡동, 덕연동, 풍덕동, 남제동, 저전동, 장천동, 중앙동, 도사동, 향동, 승주읍, 황전면, 월등면, 주암면, 송광면, 외서면, 낙안면, 별량면, 상사면, 서면",구역조정,226902
전라남도,10,순천시·광양시·곡성군·구례군 을,"순천시 해룡면 + 광양시 전 지역, 곡성군 전 지역, 구례군 전 지역",구역조정,261244
전라남도,10,나주시·화순군,"나주시 전 지역, 화순군 전 지역",,177015
전라남도,10,담양군·함평군·영광군·장성군,"담양군 전 지역, 함평군 전 지역, 영광군 전 지역, 장성군 전 지역",,178157
전라남도,10,고흥군·보성군·장흥군·강진군,"고흥군 전 지역, 보성군 전 지역, 장흥군 전 지역, 강진군 전 지역",,179480
전라남도,10,해남군·완도군·진도군,"해남군 전 지역, 완도군 전 지역, 진도군 전 지역",,150952
전라남도,10,영암군·무안군·신안군,"영암군 전 지역, 무안군 전 지역, 신안군 전 지역",,175776
경상북도,13,포항시 북구,포항시 북구 전 지역,,272548
경상북도,13,포항시 남구·울릉군,"포항시 남구 전 지역, 울릉군 전 지역",,242574
경상북도,13,경주시,경주시 전 지역,,254515
경상북도,13,김천시,김천시 전 지역,,140727
경상북도,13,안동시·예천군,"안동시 전 지역, 예천군 전 지역",구역조정,214897
경상북도,13,구미시 갑,"구미시 송정동, 지산동, 도량동, 광평동, 임오동, 비산동, 원평1동, 원평2동, 신평1동, 신평2동, 공단1동, 공단2동, 형곡1동, 형곡2동, 선주원남동, 상모사곡동",,215375
경상북도,13,구미시 을,"구미시 인동동, 진미동, 양포동, 선산읍, 고아읍, 무을면, 옥성면, 도개면, 해평면, 산동면, 장천면",,203209
경상북도,13,영주시·영양군·봉화군·울진군,"영주시 전 지역, 영양군 전 지역, 봉화군 전 지역, 울진군 전 지역",구역조정,202531
경상북도,13,영천시·청도군,"영천시 전 지역, 청도군 전 지역",,144443
경상북도,13,상주시·문경시,"상주시 전 지역, 문경시 전 지역",구역조정,170731
경상북도,13,경산시,경산시 전 지역,,263224
경상북도,13,군위군·의성군·청송군·영덕군,"군위군 전 지역, 의성군 전 지역, 청송군 전 지역, 영덕군 전 지역",구역조정,138496
경상북도,13,고령군·성주군·칠곡군,"고령군 전 지역, 성주군 전 지역, 칠곡군 전 지역",,191920
경상남도,16,창원시 의창구,창원시 의창구 전 지역,,262106
경상남도,16,창원시 성산구,창원시 성산구 전 지역,,218454
경상남도,16,창원시 마산합포구,창원시 마산합포구 전 지역,,176036
경상남도,16,창원시 마산회원구,창원시 마산회원구 전 지역,,193467
경상남도,16,창원시 진해구,창원시 진해구 전 지역,,192763
경상남도,16,진주시 갑,"진주시 천전동, 성북동, 평거동, 신안동, 이현동, 판문동, 가호동, 충무공동, 문산읍, 내동면, 정촌면, 금곡면, 명석면, 대평면, 수곡면",,194522
경상남도,16,진주시 을,"진주시 중앙동, 상봉동, 상대동, 하대동, 상평동, 초장동, 진성면, 일반성면, 이반성면, 사봉면, 지수면, 대곡면, 금산면, 집현면, 미천면",,153030
경상남도,16,통영시·고성군,"통영시 전 지역, 고성군 전 지역",,182518
경상남도,16,사천시·남해군·하동군,"사천시 전 지역, 남해군 전 지역, 하동군 전 지역",,200990
경상남도,16,김해시 갑,"김해시 동상동, 부원동, 북부동, 활천동, 삼안동, 불암동, 진영읍, 한림면, 생림면, 상동면, 대동면",경계조정,262177
경상남도,16,김해시 을,"김해시 회현동, 내외동, 장유1동, 장유2동, 장유3동, 칠산서부동, 주촌면, 진례면",경계조정,280521
경상남도,16,밀양시·의령군·함안군·창녕군,"밀양시 전 지역, 의령군 전 지역, 함안군 전 지역, 창녕군 전 지역",,259591
경상남도,16,거제시,거제시 전 지역,,247592
경상남도,16,양산시 갑,"양산시 중앙동, 삼성동, 강서동, 물금읍, 원동면, 상북면, 하북면",,187024
경상남도,16,양산시 을,"양산시 양주동, 서창동, 소주동, 평산동, 덕계동, 동면",,164633
경상남도,16,산청군·함양군·거창군·합천군,"산청군 전 지역, 함양군 전 지역, 거창군 전 지역, 합천군 전 지역",,181490
제주특별자치도,3,제주시 갑,"제주시 삼도1동, 삼도2동, 용담1동, 용담2동, 오라동, 노형동, 외도동, 이호동, 도두동, 연동, 한림읍, 애월읍, 한경면, 추자면",NA,253218
제주특별자치도,3,제주시 을,"제주시 일도1동, 일도2동, 이도1동, 이도2동, 건입동, 화북동, 삼양동, 봉개동, 아라동, 구좌읍, 조천읍, 우도면",NA,236224
제주특별자치도,3,서귀포시,서귀포시 전 지역,NA,181386
