국가관리구분,항구분,항만명,관리청,항만위치,항구역,수(물)면적,부지면적,설계파고,설계파향,최고조위,평균해면,해저지질,방파제길이,안벽길이,물양장(소형선부두)길이,잔교수(기),상옥수(동),야적장면적,접안능력수(선석),하역능력수,기타시설물현황,주요취급화물
국가관리,무역항,부산항,해양수산부 부산지방해양수산청,"부산광역시, 경상남도 창원시","현면적 218,923천㎥ (수상 : 207,419천㎥, 육상 : 11,504천㎥)",212675,11504,8.6,SSE,1.298,0.649,이토 및 점토,6416,31165,9034,1,9,2610,137,414093,,"컨테이너(95.4%), 철재(1.1%), 유류(1.5%), 잡화(1.1%), 기타(1%)"
국가관리,무역항,경인항,해양수산부 인천지방해양수산청,인천광역시 서구 경서동 및 김포시 고촌읍,"현면적 5,024천m2 (수상 : 3,693천m2 , 육상 : 1,331천m2) 수상구역 북위 37도 33분 54.46초, 동경 126도 37분 01.05초 지점과 북위 37도 33분 51.63초, 동경 126도 37분 02.37초 지점을 연결한 선과 북위 37도 33분 00.91초, 동경 126도 35분 50.44초(인천광역시 서구 오류동 거첨도 남단) 지점과 북위 37도 33분 44.56초, 동경 126도 35분 24.90초 지점을 연결한 선 안의 해면(해면 밑을 포함한다. 이하 같다)과 북위 37도 35분 32.50초, 동경 126도 47분 02.47초(경기도 김포시 고촌읍 전호리 인근)지점과 북위 37도 35분 34.92초, 동경 126도 46분 58.40초 지점을 연결한 선과 북위 37도 35분 59.87초, 동경 126도 47분 59.52초(서울특별시 강서구 개화동 인근) 지점과 북위 37도 35분 59.21초, 동경 126도 47분 59.87초 지점을 연결한 선안의 수면(수면 밑을 포함한다. 이하 같다)과 북위 37도 33분 54.46초, 동경 126도 37분 01.05초 지점과 북위 37도 33분 51.63초, 동경 126도 37분 02.37초 지점을 연결한 선과 북위 37도 34분 25.66초, 동경 126도 45분 22.44초 지점과 북위 37도 34분 28.47초, 동경 126도 45분 32.32초 지점을 연결한 선과 북위 37도 35분 32.50초, 동경 126도 47분 02.47초 지점과 북위 37도 35분 34.92초, 동경 126도 46분 58.40초 지점을 연결한 선 안의 운하 수면",3468,1331,149,W,9502,4733,이토 및 점토,0,2300,,3,2,688,20,9903,,"컨테이너(61.7%), 잡화(20%), 철재(6.9%), 목재(7.6%), 기타(3.8%)"
국가관리,무역항,인천항,해양수산부 인천지방해양수산청,"인천광역시 중구, 나구, 연수구 일원","현면적 332,923천㎡(수상 : 317,963천㎡, 육상 : 14,960천㎡ 수상구역 북위 37도 32분 49.84초, 동경 126도 35분 58.13초 지점과 북위 37도 33분 34.44초, 동경 126도 35분 32.37초(인천광역시 서구 오류동 거첨도 남단) 지점을 연결한 선과 북위 37도 35분 36.05초, 동경 126도 34분 08.57초(경기도 김포시 양촌면) 지점에서 북위 37도 34분 44.05초, 동경 126도 33분 20.58초(세어도 북단) 지점 및 북위 37도 32분 04.07초, 동경 126도 30분 52.59초(영종도 북단) 지점을 순차적으로 연결한 선과 북위 37도 26분 47.11초, 동경 126도 29분 10.60초(영종도 남단) 지점에서 북위 37도 21분 41.14초, 동경 126도 26분 26.62초(해녀도) 지점, 북위 37도 18분 56.16초, 동경 126도 28분 49.61초(남장자서) 지점 및 북위 37도 17분 19.17초, 동경 126도 31분 58.59초(대부도 서북단 타구봉 끝단) 지점을 순차적으로 연결한 선 안의 해면. 다만, 수도권 제2외곽순환도로(송도에서 시화멀티테크노밸리 사이) 끝단에서 오이도 선착장 끝단, 옥귀도, 군자매립지 선착장 끝단 지점을 연결한 선 안의 해면과 시화호 방조제 및 한화교 내륙쪽 해면은 제외한다.",317963,14960,2.7,SW,9.27,4.635,이토 및 점토,2423,25988,1443,27,17,4099,125,144204,,"컨테이너(34.6%), 유류(32.6%), 석탄(9.8%), 철재(4.5%), 시멘트(2.8%), 기타(15.7%)"
국가관리,무역항,여수항,해양수산부 여수지방해양수산청,전라남도 여수시,"현면적 4,749천㎡(수상 : 4,548천㎡, 육상 : 201천㎡) 수상구역 여수시 봉산동 북위 34도 43분 49.24초, 동경 127도 43분 57.29초 지점에서 우두리 조선봉, 오동도 동단을 거쳐 북북동 30도 방향으로 1,500미터까지 이은 지점 및 마래산 산정을 연결한 선 안의 해면",4706,201,2.1,NNE,3.616,1.808,이토 및 점토,2573,602,2511,16,0,0,2,0,,"유류(93.3%), 기타(6.7%)"
국가관리,무역항,마산항,해양수산부 마산지방해양수산청,경상남도 창원시,"현면적 14,206천㎡(수상 : 12,668천㎡, 육상 : 1,538천㎡) 경상남도 창원시 마산합포구 덕동동 상대말(북위 35도 08분 36.10초, 동경 128도 35분 51.01초 지점)과 창원시 진해구 동도(북위 35도 08분 54.09초, 동경 128도 36분 36.00초 지점)를 연결한 선 이북의 해면",12582,1538,0.61,SSW,1.968,0.984,점토질 이토,650,6824,1546,5,1,667,29,19719,,"석유정제품(57.3%), 철재(8.7%), 자동차(15.7%), 시메트(6.9%), 잡화(9.9%), 컨테이너 등(1.9%)"
국가관리,무역항,동해묵호항,해양수산부 동해지방해양수산청,강원도 동해시,"현면적 30,762천㎡(수상 : 29,512천㎡, 육상 : 1,250천㎡ 수상구역 동해시 냉천 동단에서 북위 37도 31분 10.29초, 동경 129도 8분 31.55초 지점과 북위 37도 31분 20.00초, 동경 129도 8분 43.79초 지점과 북위 37도 31분 19.71초, 동경 129도 12분 03.74초 지점과 북위 37도 28분 54.00초, 동경 129도 12분 03.35초 지점 및 동해항 남쪽 호안 끝단을 순차적으로 연결한 선 안의 해면과 어달동 오도 동방 북위 37도 33분 22.13초, 동경 129도 07분 16.75초 지점에서 진방위 90도로 1,350미터 지점과, 북위 37도 32분 10.13초, 동경 129도 06분 53.75초 지점에서 진방위 90도로 1,900미터 지점을 각각 연결한 선 안의 해면",29858,1250,8.2,NE,0.392,0.196,모래질 사력층,3410,4477,1133,2,4,190,23,33817,,"시멘트(30.3%), 기타광석(45%), 석탄(18%), 모래 등(6.7%)"
국가관리,무역항,군산항,해양수산부 군산지방해양수산청,전라북도 군산시,"현면적 191,386천㎡(수상 : 185,730천㎡, 육상 : 5,656천㎡) 수상구역 전라북도 군산시 경포천 서측 끝단(북위 35도 59분 7.81초, 동경 126도 43분 42.68초 지점)에서 소치곶, 북위 36도 00분 7.16초, 동경 126도 38분 1.68초 지점, 북위 36도 00분 24.52초, 동경 126도 37분 46.51초 지점, 북위 36도 00분 00.35초, 동경 126도 21분 30.35초 지점, 북위 35도 55분 04.42초, 동경 126도 21분 30.35초 지점 및 북위 35도 55분 04.42초, 동경 126도 31분 30.57초 지점(새만금제방)을 순차적으로 연결한선 안의 해면",185730,5656,6.5,SW,7.246,3.623,해저지질 : 이토 및,3143,7806,3236,16,,1438,39,30070,,"자동차(20.7%),유류(11.4%), 목재(10%), 시멘트(6.1%), 모래(5.2%)등"
국가관리,무역항,장항항,해양수산부 군산지방해양수산청,충청남도 서천군 장항읍,"현면적 4,997천㎡(수상 : 4,774천㎡, 육상 : 223천㎡) 수상구역 소치곶에서 북위 36도 00분 7.16초, 동경 126도 38분 1.68초 지점, 북위 36도 00분 24.52초, 동경 126도 37분 46.51초 지점 및 북위 36도 00분 33.09초, 동경 126도 39분 47.61초 지점을 순차적으로 연결한 선 안의 해면",4846,223,2,NW,6.816,3.408,이토,0,330,1670,3,0,42,2,1480,,"시멘트(46.3%), 잡화(31%), 기타 광석 등(22.7%)"
국가관리,무역항,목포항,해양수산부 목포지방해양수산청,"전라남도 목포시, 영암군","현면적 41,973천㎡(수상 : 39,435천㎡, 육상 : 2,538천㎡) 수상구역 영암방조제, 영산강 하구둑, 아래 1)부터 7)까지를 순차적으로 연결한 선 및 8)부터 10)까지를 순차적으로 연결한 선 안의 해면 1) 목포시 산정동 목도 돌출부 남서단 북위 34도 48분 51.19초, 동경 126도 22분 11.72초 지점 2) 정주도 남단 북위 34도 48분 48.19초, 동경 126도 21분 33.72초 지점 3) 구례도 남단 북위 34도 48분 25.19초, 동경 126도 21분 02.72초 지점 4) 장좌도 동북단 북위 34도 47분 41.19초, 동경 126도 20분 25.72초 지점 5) 장좌도 동남단 북위 34도46분55.20초, 동경 126도20분19.73초 지점 6) 달리도 동남단 북위 34도 45분 34.21초, 동경 126도 19분 05.73초 지점 7) 해남군 화원면 양화리 돌출부 북단 북위 34도 45분 01.21초, 동경 126도 19분 01.73초지점 8) 해남군 화원면 구림리 동북단 북위 34도 43분 47.07초, 동경 126도 19분 47.85초 지점 9) 북위 34도 44분 12.71초, 동경 126도 20분 24.91초 지점 10) 해남군 산이면 달도 북단 북위 34도 42분 52.23초, 동경 126도 22분 42.71초 지점",39435,2538,1.33,SSW,4.676,2.338,이토 및 사질,495,5359,5617,50,0,598,28,20195,,"자동차(54.5%), 철재(20.9%), 잡화(3.9%), 컨테이너(3.6%), 기타광석 등(17.1%)"
국가관리,무역항,포항항,해양수산부 포항지방해양수산청,경상북도 포항시,"현면적 104,104천㎡(수상 : 101,537천㎡, 육상 : 2,567천㎡) 수상구역 용한리 동단(북위 36도 07분 15.72초, 동경 129도 24분 58.71초 지점)에서 북위 36도 07분 15.72초, 동경 129도 29분 44.69초 지점 및 술미 북위 36도 01분 23.76초, 동경 129도 29분 44.69초 지점을 순차적으로 연결한 선 안의 해면",102989,3416,5.2,NE,0.246,0.123,이암,10906,11722,3338,4,0,1228,116,78816,,"철광석(40%), 철재(18.5%), 유연탄(23.8%), 기타광석(11.9%), 컨테이너 등(5.8%)"
국가관리,무역항,울산항,해양수산부 울산지방해양수산청,울산광역시,"현면적 116,362천㎡(수상 : 112,946천㎡, 육상 : 3,416천㎡) 수상구역 북위 35도 28분 39.98초, 동경 129도 24분 52.74초 지점[동대산 삼각점(△) 116지점에서 남방 173도 1,730미터 지점]과 북위 35도 27분 59.00초, 동경 129도 25분 34.70초 지점을 연결한 선과 북위 35도 22분 13.48초, 동경 129도 24분 07.50초 지점까지 북위 35도 25분 06.04초, 동경 129도 24분 52.37초 지점을 중심으로 한 반경 5,436미터 선 및 북위 35도 22분 18.34초, 동경 129도 22분 51.53초와 북위 35도 23분 41.87초, 동경 129도 21분 24.00초 지점을 순차적으로 연결한 선 안의 해면과 돌안산 최동단 북위 35도 30분 58.97초, 동경 129도 26분 46.73초 지점을 중심으로 한 반경 2,000미터 원 내의 해면",113179,3416,0.63,SE,0.608,0.304,이토 및 사질,8788,20668,3018,4,0,1228,116,78816,,"유류(67.8%), 화공품(13%), 자동차(6.8%), 컨테이너 등(12.4%)"
국가관리,무역항,대산항,해양수산부 대산지방해양수산청,충청남도 서산시 대산읍,"현면적 69,368천㎡(수상 : 68,576천㎡, 육상 : 792천㎡) 수상구역 대죽리 삼길산 북측 북위 37도 00분 24.29초, 동경 126도 26분 56.63초 지점에서 다음의 지점을 순차적으로 연결한 선 안의 해면 1) 대조도 남단 북위 37도 00분 52.29초, 동경 126도 27분 09.63초 지점 2) 대조도 북단 북위 37도 01분 08.28초, 동경 126도 27분 09.63초 지점 3) 비경도 동남측 북위 37도 01분 16.28초, 동경 126도 25분 54.63초 지점 4) 비경도 서단 북위 37도 01분 28.28초, 동경 126도 25분 19.64초 지점 5) 철도 남단 북위 37도 03분 05.27초, 동경 126도 24분 40.64초 지점 6) 북위 37도 03분 12.27초, 동경 126도 22분 45.65초 지점 7) 북위 37도 01분 52.28초, 동경 126도 18분 34.67초 지점 8) 장안퇴 암초 북위 37도 00분 37.28초, 동경 126도 15분 56.69초 지점 9) 만대 북단 북위 36도 58분 43.30초, 동경 126도 18분 16.68초 지점 10) 자각산 서단 북위 36도 58분 25.30초, 동경 126도 20분 06.67초 지점",69916,792,5.48,WNW,8.63,4.315,모래 및 실트,870,7567,288,3,0,199,31,18785,,"유류 및 가스(74.2%), 석탄(15.3%), 화학공업생산품(8.7%), 기타(1.8%)"
국가관리,연안항,용기포항,해양수산부 인천지방해양수산청,인천광역시 옹진군 백령면 진촌리,"현면적 1,437천㎥(수상 : 1,342천㎥, 육상 : 95천㎥) 수상구역 북위 37도 57분 27.61초, 동경 124도 44분 44.40초(용기원산 동단) 지점에서 북위 37도 56분 46.85초, 동경 124도 44분 07.76초 지점과 북위 37도 57분 10.68초, 동경 124도 43분 20.18초(사곶해안) 지점을 순차적으로 연결한 선 안의 해면",1342,95,4.3,SE,4.19,2.095,모래,734,625,420,,,,4,50,,"잡화(100%), 기타잡화는 카페리부두에서 처리"
국가관리,연안항,연평도항,해양수산부 인천지방해양수산청,인천광역시 옹진군 연평면 연평리,"현면적 1,711천㎡(수상 : 1,589천㎡, 육상 : 122천㎡) 수상구역 북위 37도 39분 38.49초, 동경 125도 42분 46.83초 지점에서 북위 37도 39분 38.41초, 동경 125도 43분 00.24초 지점, 북위 37도 39분 25.76초, 동경 125도 43분 10.05초 지점, 북위 37도 39분 17.01초, 동경 125도 43분 05.92초, 북위 37도 39분 10.02초, 동경 125도 42분 42.58초 지점을 순차적으로 연결한 선 안의 해면",1589,122,3.22,SE,7.33,3.665,사질토,1121,140,125,,,,1,,,도서지방의 생필품으로 주로 차도선을 이용하여 운송 / 선착장을 이용하여 화물 취급
국가관리,연안항,거문도항,해양수산부 여수지방해양수산청,"전라남도 여수시 삼산면 거문리, 덕촌리","현면적 468천㎡(수상 : 401천㎡, 육상 : 67천㎡) 수상구역 안노루섬 방파제 끝단 북위 34도 01분 17.94초, 동경 127도 18분 46.11초 지점에서 정서정북 방향으로 그은 선, 고도 남방파제 끝단에서 정서로 그은 선 안의 해면",401,67,5.3,SE,3.4,1.7,사질토,805,285,655,,,,7,,,도서지방의 생필품으로 주로 차도선을 이용하여 운송 / 소형선부두 등을 이용하여 화물 취급
국가관리,연안항,국도항,해양수산부 마산지방해양수산청,경상남도 통영시 욕지면 동항리,"현면적 386천㎡(수상 : 386천㎡, 육상 : ) 수상구역 북위 34도 32분 56.45초, 동경 128도 26분 45.59초 지점에서 북위 34도 33분 07.86초, 동경 128도 26분 31.64초 지점, 북위 34도 32분 48.61초, 동경 128도 26분 08.64초 지점 및 북위 34도 32분 38.04초, 동경 128도 26분 21.56초 지점을 순차적으로 연결한 선 안의 해면",386,,5.8,E,2.864,1.432,,,,,,,,,,,
국가관리,연안항,상왕등도항,해양수산부 군산지방해양수산청,전라북도 부안군 위도면 상왕등리,"382천㎡(수상 : 382천㎡. 육상 : ) 수상구역 상왕등도 북측 오끼바위 북위 35도 39분 55.06초, 동경 126도 06분 43.59초 지점에서 북위 35도 39분 26.68초, 동경 126도 09분 00.95초 지점 및 북위 35도 39분 21.37초, 동경 126도 06분 38.33초 지점을 순차적으로 연결한 선 안의 해면",382,,345,ESE,6629,3315,,165,,80,,,,,,,화물은 선착장에서 처리
국가관리,연안항,가거항리항,해양수산부 목포지방해양수산청,전라남도 신안군 흑산면 항리,"404천㎡(수상 : 404천㎡. 육상 : ) 수상구역 북위 34도 04분 52.21초, 동경 125도 05분 38.39초 지점과 북위 34도 04분 30.94초, 동경 125도 05분 07.82초 지점을 연결한 선 안의 해면",404,,6.4,NW,2.744,1.372,,,,11,,,,,,,
국가관리,연안항,흑산도항,해양수산부 목포지방해양수산청,"전라남도 신안군 흑산면 예리, 진리","현면적 2,104천㎡(수상 : 1,928천㎡, 육상 : 176천㎡) 수상구역 남방파제 기점 북위 34도 41분 31.91초, 동경 125도 26분 46.91초, 외영산도 북위 34도 41분 57.18초, 동경 125도 26분 28.38초, 북위 34도 41분 56.54초, 동경 125도 26분 19.94초, 내영산도 북위 34도 41분 55.43초, 동경 125도 26분 04.44초, 북위 34도 41분 52.40초, 동경 125도 25분 56.97초, 읍동 북동단 북위 34도 41분 47.99초, 동경 125도 25분 49.89초, 북위 34도 41분 47.88초, 동경 125도 25분 49.44초, 북위 34도 41분 47.39초, 동경 125도 25분 48.82초 지점을 연결한 선 안의 해면",1928,176,2.13,ESE,3.706,1.853,이토,1438,590,1481,,,,7,,,도서지방의 생필품으로 주로 카페리선을 이용하여 운송 / 소형선부두 등을 이용하여 화물 취급
국가관리,연안항,후포항,해양수산부 포항지방해양수산청,경상북도 울진군 후포면 후포리,"현면적 978천㎡(수상 : 874천㎡, 육상 : 104천㎡) 수상구역 후포항 동방파제의 북위 36도 40분 38.67초, 동경 129도 27분 44.24초 지점, 북위 36도 40분 10.76초, 동경 129도 27분 25.48초 지점, 북위 36도 40분 05.50초, 동경 129도 27분 13.76초 지점, 북위 36도 40분 40.57초, 동경 129도 26분 49.52초 지점을 순차적 으로 연결한 선 안의 수면",1015,104,6.3,SE,0.27,0.135,,1312,260,1185,,,,3,,동해남부 영해관리 전략적 요충 항만,
국가관리,연안항,울릉항,해양수산부 포항지방해양수산청,"경상북도 울릉군 울릉읍 도동리, 사동리","현면적 2,252천㎡(수상 : 2,155천㎡, 육상 : 97천㎡) 수상구역 가두봉 남단에서 살구남 동단을 직선으로 이은 선 안의 해면",2115,97,10,ESE,0.318,0.159,사질 및 암반,1575,684,221,,,,8,253,,
국가관리,연안항,추자항,제주특별자치도,제주특별자치도 제주시 추자면,"현면적 812천㎡(수상 : 774천㎡, 육상 : 38천㎡) 수상구역 상추자도 대서리 북위 33도 57분 48.18초, 동경 126도 17분 56.39초 지점에서 북위 33도 57분 48.33초, 동경 126도 18분 23.79초 지점, 북위 33도 57분 35.53초, 동경 126 도 18분 32.75초 지점 및 북위 33도 57분 29.53초, 동경 126도 18분 06.76초 지점을 순차적으로 연결한 선 안과 하추자도 예초리 북위 33도 57분 21.53초, 동경 126도 19분 57.75초 지점에서 북위 33도 57분 33.53초, 동경 126도 19분 43.75초 지점, 북위 33도 57분 31.53초, 동경 126도 19분 33.75초 지점 및 북위 33도 57분 06.53초, 동경 126도 19분 30.75초 지점을 순차적으로 연결한 선 안의 해면",774,38,5.2,ESE,3.356,1.678,모래 및 자갈,635,50,970,,,,1,,,도서지방의 생필품으로 주로 차도선을 이용하여 운송 / 소형선부두 등을 이용하여 화물 취급
국가관리,연안항,화순항,제주특별자치도,제주특별자치도 서귀포시 안덕면 화순리,"현면적 2,234천㎡(수상 : 2,078천㎡, 육상 : 156천㎡) 수상구역 용머리 전면(북위 33도 13분 57.82초, 동경 126도 18분 55.77초 지점)에서 북위 33도 13분 43.82초, 동경 126도 18분 55.77초 지점, 북위 33도 13분 41.82초, 동경 126도 19분 34.76초 지점, 북위 33도 13분 51.82초, 동경 126도 20분 07.76초 지점 및 북위 33도 14분 06.82초, 동경 126도 20분 12.76초 지점을 순차적으로 연결한 선 안의 해면",2078,156,2.3,SSW,3.024,1.512,사질토,1185,1010,200,,,,4,1018,,"유류(31.7%), 모래(20.5%), 시멘트(27.8%), 기타(20%)"
국가관리,신항만,부산항신항,해양수산부 부산지방해양수산청,부산광역시 강서구 및 경상남도 창원시 진해구,"53,612천㎥",35663,,5.5,S,1.906,0.953,"실트, 이토",1270,7150,0,,,,22,,,
국가관리,신항만,인천신항,해양수산부 인천지방해양수산청,인천시 연수구 송도신도시 남측 및 서측해상,,33879,,2.43,W,9.27,4.635,이토 및 점토,,1600,,,,,6,,,
국가관리,신항만,인천북항,해양수산부 인천지방해양수산청,인천광역시 동구 만석동 및 서구 원창동 일원의 해역,"7,912천㎡",5742,,2.5,SWSSW,9.27,4.635,이토 및 점토,,4298,,,,,18,,,
국가관리,신항만,광양항,해양수산부 여수지방해양수산청,"전라남도 광양시, 여수시, 순천시","현면적 113,240천㎡(수상 : 102,836천㎡, 육상 : 10,404천㎡) 수상구역 전라남도 여수시 한구미 동단(북위 34도 50분 13.20초, 동경 127도 46분 24.27초 지점)에서 북위 34도 50분 53.20초, 동경 127도 48분 22.26초 지점, 북위 34도 51분 29.19초, 동경 127도 48분 18.26초 지점, 북위 34도 52분 11.19초, 동경 127도 48분 36.26초 지점, 북위 34도 54분 50.61초, 동경 127도 48분 48.73초 지점, 북위 34도 54분 55초, 동경 127도 47분 54초 지점, 소마도 남단(북위 34도 56분 06초, 동경 127도 46분 56초 지점) 및 태인도 동남단(북위 34도 56분 42.16초, 동경 127도 45분 57.27초 지점)을 순차적으로 연결한 선, 태인 연륙교(북위 34도 56분 01.16초, 동경 127도 44분 49.28초 지점 및 북위 34도 55분 54.16초, 동경 127도 44분 49.28초 지점), 광양만 철교(북위 34도 55분 44.1초, 동경 127도 41분 58.8초 지점 및 북위 34도 55분 41.9초, 동경 127도 42분 15.1초 지점), 광양시 초남(북위 34도 55분 21.16초, 동경 127도 36분 37.32초 지점)과 광양시 세풍리 남단(북위 34도 55분 35.16초, 동경 127도 35분 55.33초 지점)을 연결한 선 안의 해면",102836,10404,1.43,N,3.822,1.911,모래질 이토,0,23641,1399,,2,1999,102,210278,,"유류(45.2%), 컨테이너(15.5%), 철광석(11.1%), 석탄(9%), 철재(5.7%), 자동차 등(13.5%)"
국가관리,신항만,동해신항,해양수산부 동해지방해양수산청,강원도 동해시 북평도 공유수면 일원,,4317,,8.2,SE,0.376,0.171,,,,,,,,,,,
국가관리,신항만,새만금신항,해양수산부 군산지방해양수산청,전라북도 군산시 옥도면 신시도리,,57796,,3.5,SW,7.246,3.623,실트 또는 모래,3100,,,,,,,,,
국가관리,신항만,목포신항,해양수산부 목포지방해양수산청,전남 목포시 허사도 및 장구도 일원,,13693,,1.3,SSSW,4.86,2.43,이토 및 사질,,1390,,,,,6,,,
국가관리,신항만,영일만항,해양수산부 포항지방해양수산청,경북 포항시 일원,,38790,,7.4,NE,0.246,0.123,사질토,6576,1670,1150,,,,7,,,
국가관리,신항만,평택당진항,해양수산부 평택지방해양수산청,"경기도 화성시, 평택시 및 충남 당진시","현면적 97,432천㎡(수상 : 90,992천㎡, 육상 : 6,440천㎡) 수상구역 경기도 화성시 우정읍 고온리(북위 37도 02분 05.28초, 동경 126도 44분 50.53초 지점)와 충청남도 당진시 송산면 성구미리 동단(북위 36도 59분 54.37초, 동경 126도 40분 45.54초 지점)을 연결한 선 안의 해면. 다만, 남양호, 아산호, 삽교호는 제외한다.",90992,6440,2.2,WNW,9.308,4.654,이토 및 세사,1006,14424,616,10,7,2313,64,97504,,"유류(24.4%), 철재(12.2%), 자동차(14%), 철광석(18.5%), 컨테이너(9.8%), 석탄 등(21.1%)"
국가관리,신항만,울산신항,해양수산부 울산지방해양수산청,경남 울산시 용연동 및 울주군 일원,,93344,,6.4,SSE,0.632,0.316,모래질 이토,6491,5305,,,,,22,,,
국가관리,신항만,보령신항,해양수산부 대산지방해양수산청,충남 보령군 오천면 영보리 일원,,1832,,1.42,NNW,7.636,3.818,0,0,0,0,,,,0,,,
국가관리,신항만,제주신항,제주특별자치도,"제주특별자치도 삼도동, 건입동, 용담동 공유수면 일원",,5149,,9,NE,2.78,1.39,실트 또는 모래,,,,,,,,,,
지방관리,무역항,서울항,서울특별시,서울특별시 영등포구 여의도동,"현면적 367천㎡(수상 : 364천㎡, 육상 : 3천㎡) 수상구역 마포대교 남단의 북위 37도 31분 48.90초, 동경 126도 55분 55.33초 지점에서 북위 37도 31분 46.94초, 동경 126도 55분 58.45초 지점, 북위 37도 31분 33.49초, 동경 126도 56분14.90초 지점, 북위 37도 31분 43.76초, 동경 126도 56분 31.39초 지점 및북위 37도 32분 00.88초, 동경 126도 56분 14.59초 지점을 순차적으로 연결한 선 안의 수면",364,3,,,,,,,,,,,,,,,
지방관리,무역항,호산항,강원도,강원도 삼척시 원덕읍 호산리,"현면적 24,407천㎡(수상 : 24,346천㎡, 육상 : 61천㎡) 수상구역 비화진 돌출부(북위 37도 12분 41.87초, 동경 129도 20분 51.36초 지점)로부터 정동으로 2,600m 지점(북위 37도 12분 41.87초, 동경 129도 22분 36.00초 지점)과 고포측 돌출부(북위 37도 08분 42.00초, 동경 129도 21분 52.20초 지점)로부터 정동으로 3,000m 지점(북위 37도 08분 42.00초, 동경 129도 23분 55.20초 지점)을 연결한 선 안의 해면",24151,61,7.5,ENE,8,4,,3210,1271,676,0,0,0,6,16740,,"유류(59.3%), 석탄(40.7%)"
지방관리,무역항,삼척항,강원도,강원도 삼척시,"현면적 1,135천㎡(수상 : 950천㎡, 육상 : 185천㎡) 수상구역 북위 37도 26분 02.18초, 동경 129도 11분 25.73초 지점에서 삼척시 오분동 고성산 산정 97미터, 북위 37도 25분 50.18초, 동경 129도 12분 06.73초 지점, 북위 37도 26분 15.18초, 동경 129도 12분 06.72초 지점 및 북위 37도 26분 29.18초, 동경 129도 11분 33.73초 지점을 순차적으로 연결한 선 안의 해면",996,185,8.4,NESE,0.35,0.175,시질토,1030,764,1288,0,0,10,7,8170,,"시멘트(94.5%), 기타광석(5.3%), 유류 등(0.2%)"
지방관리,무역항,옥계항,강원도,강원도 강릉시 옥계면,"현면적 5,827천㎡(수상 : 5,550천㎡, 육상 : 277천㎡) 수상구역 주수천 하구의 북방파제 서단에서 진방위 65도 연장선상 2,550미터 지점, 진방위 90도로 북위 37도 38분 10.09초, 동경 129도 05분 21.75초 지점, 용바위 남단으로 부터 진방위 90도로 북위 37도 36분 58.10초, 동경 129도 05분 21.75초 지점을 연결한 선 안의 해면",5646,277,6.5,NE,0.376,0.188,사질토,1305,1092,0,0,1,15,5,10430,,"시멘트(76.7%), 유연탄(7.4%), 기타광석(10.5%), 유류 등(5.4%)"
지방관리,무역항,속초항,강원도,강원도 속초시,"현면적 3,264천㎡(수상 : 2,932천㎡, 육상 : 332천㎡) 수상구역 속초시 동북방 삼각점(△) 36지점(북위 38도 12분 47.84초, 동경 128도 36분 00.88초 지점)과 조도 동단을 연결한 선과 조도 남단에서 북위 38도 11분 35.35초, 동경 128도 36분 07.39초 지점을 연결한 선 안의 해면",2927,332,8,NE,0.39,0.195,이토 및 사질토,1394,1497,3228,0,0,41,4,400,,"모래(95,7%), 유류(2.4%), 잡화 등(1.9%)"
지방관리,무역항,태안항,충청남도,충남 태안군 태안읍,"현면적 8,273천㎡(수상 : 8,273천㎡) 수상구역 방갈리 북측 북위 36도 54분 19.33초, 동경 126도 13분 21.71초의 지점에서 다음 각목의 지점을 순차적으로 연결한 선 안의 해면 1) 북위 36도 54분 26.33초, 동경 126도 11분 44.71초 2) 북위 36도 53분 50.33초, 동경 126도 10분 48.72초 3) 북위 36도 55분 34.32초, 동경 126도 12분 41.71초 4) 북위 36도 55분 26.32초, 동경 126도 14분 33.70초 5) 북위 36도 54분 48.32초, 동경 126도 15분 04.70초",8245,0,5.3,WNW,8.108,4.054,점토,0,1234,287,0,0,0,4,18590,,"유연탄(98.1%), 기타광석 등(1.9%)"
지방관리,무역항,보령항,충청남도,충청남도 보령시 오천면,"현면적 34,669천㎡(수상 : 34,660천㎡, 육상 : 9천㎡) 수상구역 면화박골 서단(북위 36도 27분 14.52초, 동경 126도 29분 12.63초 지점)에서 월도 동단(북위 36도 24분 36.54초, 동경 126도 28분 10.64초 지점), 원산도 도투머리 산정을 거쳐 북위 36도 19분 08.57초, 동경 126도 26분 51.65초 지점과 보령시 신흑동 서단(북위 36도 19분 28.57초, 동경 126도 30분 03.63초 지점) 및 송도 서단(북위 36도 23분 07.55초, 동경 126도 28분 45.64초 지점)을 순차적으로 연결한 선과 오천국교 서단(북위 36도 26분 17.53초, 동경 126도 31분 00.62초 지점)과 혜독동 동단(북위 36도 26분 24.53초, 동경 126도 30분 44.63초 지점)을 연결한 선 안의 해면",34679,9,1,WSW,7.636,3.818,,0,1293,90,0,0,9,5,24330,,"유연탄(65.2%), 유류 및 가스(34.5%), 기타(0.3%)"
지방관리,무역항,완도항,전라남도,전라남도 완도군 완도읍,"현면적 4,708천㎡(수상 : 4,543천㎡, 육상 : 165천㎡) 수상구역 신지도 상산 산정과 동망봉 산정을 연결한 선 및 신지도 장항곶 서산에서 가미구미 동측 돌단을 연결한 선 안의 해면",4631,165,1.2,NNE,4.004,2.002,이토 및 사질,915,874,2417,12,0,28,3,730,,"컨테이너(15.3%), 카페리 등(84.7%)"
지방관리,무역항,하동항,경상남도,경상남도 하동군 금성면 갈사리,"현면적 9,586천㎡(수상 : 9,586천㎡) 수상구역 경상남도 하동군 금성면 남단(북위 34도 56분 25초, 동경 127도 47분 30초 지점)에서 오동도 남단(북위 34도 56분 18초, 동경 127도 47분 20초 지점), 소마도 남단(북위 34도 56분 06초, 동경 127도 46분 56초 지점), 북위 34도 54분 55초, 동경 127도 47분 54초 지점, 외난초도 서단(북위 34도 54분 50초, 동경 127도 48분 57초 지점), 농섬 서단(북위 34도 55분 55초, 동경 127도 49분 31초 지점), 대도 북단(북위 34도 56분 24초, 동경 127도 49분 54초 지점), 광도 서북단(북위 34도 56분 31초, 동경 127도 50분 16초 지점) 및 천석산 서남 돌단(북위 34도 57분 01초, 동경 127도 50분 45초 지점)을 순차적으로 연결한 선 안의 해면",8756,0,0,0,3.822,1.911,모래 및 점토,0,582,120,0,0,0,3,10768,,"유연탄(91.9%), 기타광석(7.4%), 기타(0.7%)"
지방관리,무역항,삼천포항,경상남도,"경상남도 사천시, 고성군","현면적 10,069천㎡(수상 : 9,581천㎡, 육상 : 488천㎡) 수상구역 사천시 대방동 남방 지점(북위 34도 55분 45.17초, 동경 128도 03분 19.18초 지점)에서 장구도 북단, 신수도 북단, 추도 북단, 신수도 최동단 돌출부(북위 34도 53분 51.18초, 동경 128도 05분 03.17초 지점), 삼천포외항 방파제 서단(북위 34도 54분 00.18초, 동경 128도 06분 09.17초 지점), 외항 방파제 동단(북위 34도 54분 10.18초, 동경 128도 06분 55.16초 지점) 및 고성군 하이면 덕호리(북위 34도 54분 16.18초, 동경 128도 07분 04.16초 지점)를 순차적으로 연결한 선 안의 해면",9901,488,5.3,S,3.296,1.648,사질이토 및 모래,2376,1999,3004,5,0,166,10,13240,,"유연탄류(92.7%), 모래류(0.5%), 기타광석(3.7%), 기타(3.1%)"
지방관리,무역항,장승포항,경상남도,경상남도 거제시,"현면적 791천㎡(수상 : 721천㎡, 육상 : 70천㎡) 호엄산 202미터 산정과 동북 방향 북위 34도 51분 48.21초, 동경 128도 44분 07.97초 지점을 연결한 선 안의 해면",706,70,4.5,S,1.934,0.967,사질토,248,0,1203,3,0,11,0,0,,유류(100%)
지방관리,무역항,옥포항,경상남도,경상남도 거제시,"현면적 5,884천㎡(수상 : 5,866천㎡, 육상 : 18천㎡) 능포리 북위 34도 53분 29.20초, 동경 128도 43분 57.97초 지점과 팔량포 북위 34도 54분 08.19초, 동경 128도 43분 01.97초 지점을 연결한 선 안의 해면",5998,18,1.2,SE,1.934,0.97,사질토,1546,100,338,0,0,0,1,1930,,"철강제품(95.8%), 기타(4.2%)"
지방관리,무역항,통영항,경상남도,경상남도 통영시,"현면적 4,344천㎡(수상 : 4,181천㎡, 육상 : 163천㎡) 수상구역 나부동산 동단(북위 34도 49분 29.78초, 동경 128도 23분 31.27초 지점)과 해말당단 서단(북위 34도 49분 50.81초, 동경 128도 23분 32.13초 지점)을 연결한 선 및 전송말 (북위 34도 49분 34.22초, 동경 128도 26분 29.07초 지점)에서 매일봉(북위 34도 50분 42.21초, 동경 128도 26분 53.06초 지점)을 동남으로 연결한 선 안의 해면",4145,163,1.7,SSE,2.82,1.41,이토,1208,1379,3103,13,0,19,9,290,,"유류(52.8%), 잡화(45.2%), 기타(2%)"
지방관리,무역항,고현항,경상남도,경상남도 거제시,"현면적 11,956천㎡(수상 : 11,892천㎡, 육상 : 64천㎡) 수상구역 중촌돌단(북위 34도 55분 09.19초, 동경 128도 36분 32.01초 지점)에서 열녀봉 삼각점 (△)(북위 34도 56분 37.17초, 동경 128도 35분 17.01초 지점), 사두도 북단(북위 34도 54분 54.18초, 동경 128도 33분 50.02초 지점) 및 사곡곶(북위 34도 54분 25.19초, 동경 128도 34분 14.02초 지점)을 순차적으로 연결한 선 안의 해면",12074,64,1.7,NW,2820,1.41,사질토,0,252,155,0,0,13,2,2,,"철강제품(94.1%), 모래(0.6%), 기타광석(2.6%), 기타(2.7%)"
지방관리,무역항,진해항,경상남도,경상남도 창원시,"현면적 8,473천㎡(수상 : 8,260천㎡, 육상 : 213천㎡) 고출산 산정(북위 35도 07분 39.10초, 동경 128도 40분 16.98초 지점)에서 마당서(북위 35도 06분 22.11초, 동경 128도 40분 48.98초 지점) 및 대일산 서단(북위 35도 06분 12.11초, 동경 128도 41분 16.98초 지점)을 순차적으로 연결한 선 안의 해면",8217,213,1.75,SSW,1.994,0.997,사질이토,420,1293,1194,9,0,137,9,4530,,"모래(46.3%), 자동차류(18.4%), 잡화(10.1%), 기타광석(13.2%), 철재(6.2%), 유류(5.6%)"
지방관리,무역항,제주항,제주특별자치도,"제주특별자치도 제주시 건입동, 화북동","현면적 3,799천㎥(수상 : 3,110천㎥, 육상 : 689천㎥) 수상구역 북위 33도 30분 57.01초, 동경 126도 30분 48.26초 지점에서 북위 33도 31분 49.08초, 동경 126도 30분 47.97초 지점, 북위 33도 32분 10.87초, 동경 126도 31분 53.35초 지점, 북위 33도 31분 58.70초, 동경 126도 32분 20.69초 지점, 북위 33도 31분 59.70초, 동경 126도 33분 43.68초 지점과 곤을동 북단을 순차적으로 연결한 선 안의 해면",3082,689,6,NW,2.834,1.417,"모래, 사력, 암반",4255,3518,1093,0,0,103,20,2832,,"유류(6.3%), 기타광석(1.3%), 철재(7.9%), 잡화(2.7%), 카페리 등(81.8%)"
지방관리,무역항,서귀포항,제주특별자치도,제주특별자치도 서귀포시,"현면적 1,963천㎡(수상 : 1,765천㎡, 육상 : 198천㎡) 수상구역 삼해봉 남동단 해안선(북위 33도 14분 19.82초, 동경 126도 33분 19.69초)에서 북위 33도 14분 10.82초, 동경 126도 33분 17.69초 지점, 북위 33도 13분 51.82초, 동경 126도 33분 39.69초 지점, 북위 33도 13분 51.82초, 동경 126도 34분 00.69초 지점, 북위 33도 14분 07.82초, 동경 126도 34분 21.69초 지점, 북위 33도 14분 20.06초, 동경 126도 34분 14.91초, 북위 33도 14분 17.76초, 동경 126도 34분 9.66초 및 북위 33도 14분 26.82초, 동경 126도 33분 58.69초 지점을 순차적으로 연결한 선 안의 해면과 북위 33도 14분 38.81초, 동경 126도 24분 58.73초 지점에서 북위 33도 14분 30.81초, 동경 126도 24분 51.74초 지점, 북위 33도 14분 30.81초, 동경 126도 24분 58.73초 지점, 북위 33도 14분 30.81초, 동경 126도 25분 01.73초 지점 및 북위 33도 14분 34.81초, 동경 126도 25분 06.73초 지점을 순차적으로 연결한 선 안의 해면과 강정항 동방파제 단부 북위 33도 13분 37.68초, 동경 126도 28분 41.51초 지점에서 북위 33도 13분 29.66초, 동경 126도 28분 46.48초 지점, 북위 33도 13분 18.93초, 동경 126도 28분 59.39초 지점, 북위 33도 13분 19.34초, 동경 126도 29분 41.00초 지점, 북위 33도 13분 30.90초, 동경 126도 29분 38.88초 지점, 북위 33도 13분 37.67초, 동경 126도 29분 30.55초 지점, 북위 33도 13분 49.10초, 동경 126도 29분 26.84초 지점 및 북위 33도 13분 52.57초, 동경 126도 29분 26.97초 지점을 순차적으로 연결한 선 안의 해면",1765,198,10.9,S,3.032,1.516,모래 및 사력,1831,2590,950,1,0,34,12,890,,"잡화(50.7%), 기타광석(18.1%), 모래(9.3%), 유류(2.4%), 기타(19.5%)"
지방관리,연안항,부산남항,부산광역시,"부산광역시 중구 남포동, 서구 남부민동, 영도국 남항동 일원","현면적 1,825천㎡(수상 : 1,724천㎡, 육상 : 101천㎡) 수상구역 북위 35도 05분 47.13초, 동경 129도 02분 10.87초 지점에서 진북 164도 방향으로 그은 선(영도대교) 및 북위 35도 04분 34.02초, 동경 129도 01분 29.98초 지점과 북위 35도 04분 50.13초, 동경 129도 02분 23.42초 지점을 연결한 선 안의 해면",1742,,7.6,S,1.298,0.649,이토 및 사질토,558,,4015,,,,0,,,수산물
지방관리,연안항,주문진항,강원도,강원도 강릉시 주문진읍 주문리,"현면적 677천㎡(수상 : 586천㎡, 육상 : 91천㎡) 수상구역 주문진리 동단기점 동경 128도50분3.40초, 북위 37도53분42.52초 지점, 동경 128도 50분13.80초, 북위 37도53분4.31초 지점, 동경 128도50분4.75초 37도52분44.75초 지점을 순차적으로 연결한 선 안의 해면",745,,6,E,0.39,0.195,모래 및 사질토,1380,105,1287,,,,1,,,수산물
지방관리,연안항,비인항,충청남도,충청남도 서천군 서면 미량리,"현면적 1,749천㎡(수상 : 1,627천㎡, 육상 : 122천㎡) 수상구역 북위 36도 08분 10초, 동경 126도 30분 09초 지점에서 북위 36도 08분 10초, 동경 126도 30분 50초 지점, 북위 36도 07분 10초, 동경 126도 30분 50초 지점, 북위 36도 07분 10초, 동경 126도 30분 09초 지점 및 북위 36도 07분 44초, 동경 126도 30분 09초 지점을 순차적으로 연결한 선 안의 해면",1627,122,3,SW,7.204,3.602,이토,1310,55,424,,,,1,22,,
지방관리,연안항,대천항,충청남도,충청남도 보령시 신흑동,"현면적 22,167천㎡(수상 : 21,821천㎡, 육상 : 346천㎡) 수상구역 송도 서단(북위 36도 23분 07.55초, 동경 126도 28분 45.64초 지점)과 신흑동 서단(북위 36도 19분 28.57초, 동경 126도 30분 03.63초 지점)을 연결한 선 안의 해면",21821,346,2,NW,7.42,3.71,이토질 모래,1230,160,1372,,,,4,36,,차도선 부두를 이용하여 화물 물동량 처리
지방관리,연안항,진도항,전라남도,전라남도 진도군  임회면 연동리,"현면적 2,162천㎡(수상 : 2,111천㎡. 육상 : 51천㎡) 수상구역 북위 34도 22분 42.36초, 동경 126도 07분 32.80초 지점에서 북위 34도 21분 58.36초, 동경 126도 07분 27.80초 지점, 북위 34도 21분 56.36초, 동경 126도 07분 44.80초 지점, 북위 34도 22분 09.86초, 동경 126도 07분 53.80초 지점 및 북위 34도 22분 03.36초, 동경 126도 08분 07.80초 지점을 순차적으로 연결한 선 안의 해면",2111,51,24,W,3692,1846,모래 및 점토,135,190,0,,,,4,,,도서지방의 생필품으로 주로 차도선을 이용하여 운송
지방관리,연안항,땅끝항,전라남도,전라남도 해남군 송지면 송호리,"현면적 311천㎡(수상 : 302천㎡. 육상 : 9천㎡) 수상구역 북위 34도 17분 46.10초, 동경 126도 31분 41.02초 지점에서 북위 34도 17분 46.19초, 동경 126도 32분 04.19초 지점 및 북위 34도 18분 07.87초, 동경 126도 32분 04.07초 지점을 순차적으로 연결한 선 안의 해면",302,,2.9,SSW,3.748,1.874,점토,144,55,109,,,,4,,,도서지방의 생필품으로 주로 차도선을 이용하여 운송
지방관리,연안항,녹동신항,전라남도,전라남도 고흥군 도양읍 봉암리,"현면적 1,391천㎡(수상 : 1,168천㎡, 육상 : 223천㎡) 수상구역 고흥군 도양읍 소록도 동측 돌출부로부터 정동으로 250미터 지점(해상)에서 정북으로 육지와 연결하고, 같은 지점에서 방파제 종점부, 방파제 시점부에서 하송도, 하송도에서 정동으로 160미터 지점(해상)에서 정북으로 육지와 만나는 점을 연결한 선 안의 해면",1168,223,1.14,SSW,3.982,1.991,이토 및 점토,350,817,,,,,12,900,,"잡화(75%), 모래(석회석 포함 14%), 기타(11%)"
지방관리,연안항,송공항,전라남도,전라남도 신안군 입해읍 송공리,"현면적 2,868천㎡(수상 : 2,854천㎡. 육상 : 14천㎡) 수상구역 북위 34도 50분 54.17초, 동경 126도 13분 40.76초 지점에서 북위 34도 50분 54.17초, 동경 126도 13분 25.76초 지점, 북위 34도 51분 01.17초, 동경 126도 12분 54.76초 지점, 북위 34도 50분 21.17초, 동경 126도 12분 54.76초 지점, 북위 34도 50분 21.17초, 동경 126도 13분 49.12초 지점 및 북위 34도 50분 41.40초, 동경 126도 13분 49.12초의 지점을 순차적으로 연결한 선 안의 해면",2854,14,2.66,S,4.966,2.483,,188,67,114,,,,4,,,도서지방의 생필품을 주로 차도선 및 카페리선을 이용하여 운송
지방관리,연안항,화흥포항,전라남도,전라남도 완도군,"현면적 2,223천㎡(수상 : 2,205천㎡. 육상 : 18천㎡) 수상구역 북위 34도 19분 01.39초, 동경 126도 40분 09.63초 지점에서 북위 34도 18분 44.39초, 동경 126도 39분 38.64초 지점, 북위 34도 18분 00.40초, 동경 126도 40분 13.63초 지점 및 북위 34도 18분 15.40초, 동경 126도 40분 43.63초 지점을 순차적으로 연결한 선 안의 해면",2205,18,4.32,S,3.794,1.897,,111,200,37,,,,3,,,도서지방의 생필품으로 주로 차도선을 이용하여 운송
지방관리,연안항,홍도항,전라남도,전남 신안군 흑산면 홍도리,"현면적 472천㎡(수상 : 455천㎡, 육상 : 17천㎡) 수상구역 북위 34도 40분 29.22초, 동경 125도 11분 36.09초 지점과 북위 34도 40분 54.22초, 동경 125도 12분 00.09초 지점을 연결한 선 안의 해면",455,17,9.09,SSE,3.5,1.75,점토 및 모래질,250,150,53,,,,2,,,도서지방의 생필품으로 주로 카페리선을 이용하여 운송 / 여객부두 등을 이용하여 화물 취급
지방관리,연안항,신마항,전라남도,전라남도 강진군 미량면 미량리,"현면적 816천㎡(수상 : 816천㎡. 육상 : ) 수상구역 북위 34도 26분 56.34초, 동경 126도 49분 26.08초 지점에서 북위 34도 26분 41.34초, 동경 126도 49분 26.08초 지점, 북위 34도 26분 41.34초, 동경 126도 50분 22.58초 지점 및 북위 34도 26분 57.34초, 동경 126도 50분 22.58초 지점을 순차적으로 연결한 선 안의 해면",816,,1.6,SE,4.078,2.039,점토,55,180,,,,,1,122,진입항로 어업권 보상 문제로 화물 소송실적 없음,
지방관리,연안항,나로도항,전라남도,전라남도 고흥군 봉래면 신금리,"현면적 975천㎡(수상 : 910천㎡, 육상 : 65천㎡) 수상구역 애도 최남단에서 북측 파제제(波除堤) 북쪽 끝단, 동측 파제제 시점부를 순차적으로 연결한 선과 애도 최북단과 본도 돌출부를 연결한 선 안의 해면",911,65,3.9,S,3.63,1.815,사질토,704,224,554,,,,8,126,,나로도항은 연륙완료에 따라 내륙수송이 가능하게 되어 화물물동량은 없음
지방관리,연안항,구룡포항,경상북도,경상북도 포항시 남구 구룡포읍,"현면적 757천㎡(수상 : 614천㎡, 육상 : 143천㎡) 수상구역 사라말과 병포리 북돌단을 연결한 선 안의 해면",614,143,7,ESE,0.222,0.111,이토 및 사질토,1090,304,2008,,,,4,338,구룡포항은 포항항의 보조항으로서의 기능,
지방관리,연안항,강구항,경상북도,경북 영덕군 강구면 강구리,"현면적 1,482천㎡(수상 : 1,445천㎡, 육상 : 37천㎡) 수상면적 경상북도 영덕군 강구면 강구리 강구교 북단의 북위 36도 21분 26.20초, 동경 129도 22분 53.70초 지점과 북위 36도 21분 31.60초, 동경 129도 22분 56.80초 지점을 연결한 선과 북위 36도 21분 50.10초, 동경 129도 23분 38.50초 지점, 북위 36도 21분 50.10초, 동경 129도 23분 47.10초 지점, 북위 36도 20분 38.90초, 동경 129도 23분 46.70초 지점 및 북위 36도 20분 39.00초, 동경 129도 23분 10.70초 지점을 순차적으로 연결한 선 안의 수면",1445,37,6,E,0.25,0.125,,641,,967,,,,,,어업과 관광지원 중심 항만,
지방관리,연안항,중화항,경상남도,경상남도 통영시 산양읍 연화리,"현면적 950천㎡(수상 : 950천㎡, 육상 : ㎡) 수상구역 북위 34도 47분 33.64초, 동경 128도 22분 53.64초 지점에서 북위 34도 46분 47.54초, 동경 128도 22분 50.13초 지점 및 북위 34도 46분 47.64초, 동경 128도 23분 08.69초 지점을 순차적으로 연결한 선 안의 해면",950,,1.6,SSE,2.754,1.377,,,,153,,,,,,,"도서지방의 생필품으로 주로 차도선을 이용하여 운송하여, 화물 물동량은 삼덕항 실적임"
지방관리,연안항,한림항,제주특별자치도,"제주특별자치도 제주시 한립읍 대림리, 한수리","현면적 3,093천㎡(수상 : 2,943천㎡, 육상 : 150천㎡) 수상구역 수원리 돌각 제1삼각점으로부터 남서로 그은 선과 옹포리 제4삼각점으로부터 북서로 그은 선 안의 해면(한림향교 이내의 해면은 제외한다)",2943,150,6.1,NW,2.82,1.41,모래 및 암반,2248,610,1500,,,,8,959,,"시멘트(34%), 감귤,채소(9.1%), 기타(56.6%)"
지방관리,연안항,애월항,제주특별자치도,제주특별자치도 제주시 애월읍 애월리,"현면적 546천㎡(수상 : 305천㎡, 육상 : 241천㎡) 수상구역 서방파제 호안 기점부터 북위 33도 27분 50.62초, 동경 126도 19분 21.59초 지점과 북위 33도 28분 7.33초, 동경 126도 19분 21.77초 지점, 북위 33도 28분 13.11초, 동경 126도 19분 36.92초 지점, 북위 33도 28분 8.01초, 동경 126도 19분 54.07초 지점, 북위 33도 28분 7.71초, 동경 126도 19분 53.94초 지점 및 북위 33도 28분 54.76초, 동경 126도 19분 51.88초 지점을 차례로 연결한 선 안의 해면",101,241,8,NNE,2.82,1.41,,1556,964,418,,,,8,,,"모래(26.2%), 시멘트(10.7%), 유류(10.1%), 기타(53%)"
지방관리,연안항,성산포항,제주특별자치도,"제주특별자치도 서귀포시 성산읍 성산리, 오조리","현면적 1,298천㎡(수상 : 1,085천㎡, 육상 : 213천㎡) 수상구역 서방파제 기점에서 북위 33도 28분 53.73초, 동경 126도 55분 42.57초 지점, 북위 33도 28분 51.73초, 동경 126도 56분 20.57초 지점 및 동방파제 기점을 순차적으로 연결한선 안의 해면(갑문교 이내의 해면은 제외한다)",1085,213,10,ESE,2.662,1.331,모래 및 암반,2144,690,1080,,,,12,511,,"감귤,채소(34.4%), 모래(26.4%), 기타(34.8%), 차도선(4.4%)"
